{"b._jeanrenaud": [0.9917355371900827, 0.004149377593360996], "ziad_nehme": [0.9916666666666667], "aravind_srinivasan": [0.4896373056994819], "eli_livne": [0.5736842105263158], "richard_szabo": [1.0, 0.3333333333333333], "tomasz_antosiewicz": [1.0], "k._b\u00e4rner": [0.9631147540983607, 0.036885245901639344], "fabrizio_monaco": [0.9125, 0.5211267605633803], "david_perry": [1.0, 0.3333333333333333], "thomas_weber": [0.4634146341463415, 0.35772357723577236, 0.17886178861788618], "christopher_earley": [0.8588235294117647], "joerg_kliewer": [1.0], "zhixin_zhang": [1.0], "zhenghong_li": [0.6583333333333333, 0.8372093023255814, 0.07692307692307693, 0.023696682464454975, 0.014218009478672985, 0.9166666666666666, 0.018867924528301886, 0.03317535545023697, 0.057692307692307696, 0.057692307692307696, 0.004739336492890996, 0.019230769230769232, 0.37777777777777777, 0.004739336492890996, 0.004739336492890996, 0.004739336492890996, 0.004739336492890996, 0.019230769230769232, 0.004739336492890996, 0.004739336492890996, 0.08695652173913043, 0.019230769230769232, 0.019230769230769232, 0.2608695652173913, 0.019230769230769232, 0.019230769230769232, 0.12322274881516587, 0.7837837837837838, 0.06896551724137931, 0.25555555555555554, 0.9166666666666666, 0.9230769230769231], "tanguy_rouxel": [0.9119496855345912], "paula_brand\u00e3o": [1.0], "jinxing_xie": [0.92], "andrzej_skrzypacz": [0.9848484848484849], "stephanie_lee": [0.9279907084785134, 0.008168028004667444, 0.0011668611435239206, 0.002333722287047841, 0.010416666666666666, 0.0011668611435239206, 0.0011668611435239206, 0.004667444574095682, 0.01633605600933489, 0.010416666666666666, 0.002333722287047841, 0.010416666666666666, 0.002333722287047841, 0.010309278350515464, 0.0011668611435239206, 0.002333722287047841, 0.010416666666666666, 0.0011668611435239206, 0.0011668611435239206, 0.010416666666666666, 0.0011668611435239206, 0.002333722287047841, 0.003500583430571762, 0.0011668611435239206, 0.0011668611435239206, 0.002333722287047841, 0.002333722287047841, 0.003500583430571762, 0.003500583430571762], "m._ernst": [0.9414414414414415, 0.9495798319327731, 0.14285714285714285, 0.004545454545454545, 0.013636363636363636, 0.004545454545454545, 0.02564102564102564, 0.00909090909090909], "yasuhiko_jimbo": [0.6137931034482759], "weiqing_wang": [1.0, 1.0], "sang_kim": [0.1643192488262911, 0.29577464788732394, 0.3333333333333333, 0.15492957746478872, 0.051643192488262914], "jan_tuinstra": [0.9795918367346939], "ely\u00e8s_jouini": [0.5086206896551724], "diana_brixner": [0.9765625], "jonathan_casey": [0.8709677419354839], "\u0435._\u043c\u0438\u0448\u0438\u043d\u0430": [1.0], "jiawen_wang": [0.07692307692307693, 0.9230769230769231], "marjorie_lyles": [0.568], "john\u2010paul_clarke": [0.7232472324723247], "christos_alexopoulos": [0.9777777777777777], "maurizio_zollo": [0.5254237288135594], "k._meier": [0.8573480134035424], "jooyoung_lee": [0.8450704225352113], "christine_norton": [0.9651162790697675], "jay_nunamaker": [0.9901960784313726], "aleksandar_raki\u0107": [1.0], "michael_klag": [0.9642857142857143], "jing_shi": [0.9467084639498433], "yves_peer": [0.9900793650793651], "peter_fischer": [0.5615212527964206], "elizabeth_macintyre": [0.903010033444816], "hyeon_gwon": [1.0], "william_weiner": [0.6484018264840182], "john_west": [0.5880398671096345, 0.11735941320293398], "yu_han": [0.926829268292683, 1.0]}